_uid_,origin_id,origin_x,origin_y,parkid,destination_id,destination_x,destination_y
"1","371830501001000",-78.6323533811774,35.787016829426,"108",City Cemetery,-78.6312874693512,35.7790634507114
"2","371830501001000",-78.6323533811774,35.787016829426,"28",Lane Street,-78.6261220920092,35.7831789971439
"3","371830501001000",-78.6323533811774,35.787016829426,"42",Oakwood,-78.6241177660321,35.7909297007275
"4","371830501001000",-78.6323533811774,35.787016829426,"44",Halifax,-78.6388283924893,35.7935452317092
"5","371830501001000",-78.6323533811774,35.787016829426,"132",New Bern Place,-78.6354632662129,35.7800577635566
"6","371830501001000",-78.6323533811774,35.787016829426,"183",John Winters,-78.6313212766575,35.7776123734814
"7","371830501001000",-78.6323533811774,35.787016829426,"138",Moore Square,-78.6357914989622,35.7775077730582
"8","371830501001000",-78.6323533811774,35.787016829426,"10",Mordecai,-78.6351971826335,35.7958555703911
"9","371830501001000",-78.6323533811774,35.787016829426,"87",Tarboro Road,-78.6228569611736,35.7813128628773
"10","371830501001000",-78.6323533811774,35.787016829426,"161",O'Rorke-Catholic Cemetery,-78.6216783622287,35.7829970496351
"11","371830501001001",-78.6336066956139,35.7877064572644,"44",Halifax,-78.6388283924893,35.7935452317092
"12","371830501001001",-78.6336066956139,35.7877064572644,"42",Oakwood,-78.6241177660321,35.7909297007275
"13","371830501001001",-78.6336066956139,35.7877064572644,"10",Mordecai,-78.6351971826335,35.7958555703911
"14","371830501001001",-78.6336066956139,35.7877064572644,"108",City Cemetery,-78.6312874693512,35.7790634507114
"15","371830501001001",-78.6336066956139,35.7877064572644,"28",Lane Street,-78.6261220920092,35.7831789971439
"16","371830501001001",-78.6336066956139,35.7877064572644,"132",New Bern Place,-78.6354632662129,35.7800577635566
"17","371830501001001",-78.6336066956139,35.7877064572644,"183",John Winters,-78.6313212766575,35.7776123734814
"18","371830501001001",-78.6336066956139,35.7877064572644,"138",Moore Square,-78.6357914989622,35.7775077730582
"19","371830501001001",-78.6336066956139,35.7877064572644,"87",Tarboro Road,-78.6228569611736,35.7813128628773
"20","371830501001002",-78.6336614875933,35.7866578744035,"108",City Cemetery,-78.6312874693512,35.7790634507114
"21","371830501001002",-78.6336614875933,35.7866578744035,"42",Oakwood,-78.6241177660321,35.7909297007275
"22","371830501001002",-78.6336614875933,35.7866578744035,"28",Lane Street,-78.6261220920092,35.7831789971439
"23","371830501001002",-78.6336614875933,35.7866578744035,"44",Halifax,-78.6388283924893,35.7935452317092
"24","371830501001002",-78.6336614875933,35.7866578744035,"132",New Bern Place,-78.6354632662129,35.7800577635566
"25","371830501001002",-78.6336614875933,35.7866578744035,"183",John Winters,-78.6313212766575,35.7776123734814
"26","371830501001002",-78.6336614875933,35.7866578744035,"138",Moore Square,-78.6357914989622,35.7775077730582
"27","371830501001002",-78.6336614875933,35.7866578744035,"10",Mordecai,-78.6351971826335,35.7958555703911
"28","371830501001002",-78.6336614875933,35.7866578744035,"87",Tarboro Road,-78.6228569611736,35.7813128628773
"29","371830501001003",-78.6352891592547,35.7868945096236,"201",Market Plaza,-78.6387365990624,35.777261555425
"30","371830501001002",-78.6336614875933,35.7866578744035,"161",O'Rorke-Catholic Cemetery,-78.6216783622287,35.7829970496351
"31","371830501001003",-78.6352891592547,35.7868945096236,"132",New Bern Place,-78.6354632662129,35.7800577635566
"32","371830501001003",-78.6352891592547,35.7868945096236,"44",Halifax,-78.6388283924893,35.7935452317092
"33","371830501001003",-78.6352891592547,35.7868945096236,"116",Vallie Henderson,-78.6290482219803,35.7845167000402
"34","371830501001003",-78.6352891592547,35.7868945096236,"138",Moore Square,-78.6357914989622,35.7775077730582
"35","371830501001003",-78.6352891592547,35.7868945096236,"10",Mordecai,-78.6351971826335,35.7958555703911
"36","371830501001003",-78.6352891592547,35.7868945096236,"42",Oakwood,-78.6241177660321,35.7909297007275
"37","371830501001003",-78.6352891592547,35.7868945096236,"108",City Cemetery,-78.6312874693512,35.7790634507114
"38","371830501001003",-78.6352891592547,35.7868945096236,"28",Lane Street,-78.6261220920092,35.7831789971439
"39","371830501001003",-78.6352891592547,35.7868945096236,"200",Exchange Plaza,-78.6387214126288,35.7775279153207
"40","371830501001004",-78.6369322505581,35.7869806011594,"132",New Bern Place,-78.6354632662129,35.7800577635566
"41","371830501001004",-78.6369322505581,35.7869806011594,"116",Vallie Henderson,-78.6290482219803,35.7845167000402
"42","371830501001004",-78.6369322505581,35.7869806011594,"44",Halifax,-78.6388283924893,35.7935452317092
"43","371830501001004",-78.6369322505581,35.7869806011594,"138",Moore Square,-78.6357914989622,35.7775077730582
"44","371830501001004",-78.6369322505581,35.7869806011594,"136",Mordecai Square,-78.6331193844119,35.7928402478639
"45","371830501001004",-78.6369322505581,35.7869806011594,"108",City Cemetery,-78.6312874693512,35.7790634507114
"46","371830501001004",-78.6369322505581,35.7869806011594,"28",Lane Street,-78.6261220920092,35.7831789971439
"47","371830501001004",-78.6369322505581,35.7869806011594,"200",Exchange Plaza,-78.6387214126288,35.7775279153207
"48","371830501001004",-78.6369322505581,35.7869806011594,"201",Market Plaza,-78.6387365990624,35.777261555425
"49","371830501001004",-78.6369322505581,35.7869806011594,"183",John Winters,-78.6313212766575,35.7776123734814
"50","371830501001004",-78.6369322505581,35.7869806011594,"10",Mordecai,-78.6351971826335,35.7958555703911
"51","371830501001004",-78.6369322505581,35.7869806011594,"110",Nash Square,-78.642675328997,35.7777350642707
"52","371830501001004",-78.6369322505581,35.7869806011594,"42",Oakwood,-78.6241177660321,35.7909297007275
"53","371830501001005",-78.6380958347574,35.7875693065258,"136",Mordecai Square,-78.6331193844119,35.7928402478639
"54","371830501001005",-78.6380958347574,35.7875693065258,"10",Mordecai,-78.6351971826335,35.7958555703911
"55","371830501001005",-78.6380958347574,35.7875693065258,"132",New Bern Place,-78.6354632662129,35.7800577635566
"56","371830501001005",-78.6380958347574,35.7875693065258,"116",Vallie Henderson,-78.6290482219803,35.7845167000402
"57","371830501001005",-78.6380958347574,35.7875693065258,"85",Fred Fletcher,-78.6494000908273,35.7925485438552
"58","371830501001005",-78.6380958347574,35.7875693065258,"110",Nash Square,-78.642675328997,35.7777350642707
"59","371830501001005",-78.6380958347574,35.7875693065258,"200",Exchange Plaza,-78.6387214126288,35.7775279153207
"60","371830501001005",-78.6380958347574,35.7875693065258,"138",Moore Square,-78.6357914989622,35.7775077730582
"61","371830501001005",-78.6380958347574,35.7875693065258,"201",Market Plaza,-78.6387365990624,35.777261555425
"62","371830501001005",-78.6380958347574,35.7875693065258,"42",Oakwood,-78.6241177660321,35.7909297007275
"63","371830501001006",-78.6388289714498,35.7855972003911,"132",New Bern Place,-78.6354632662129,35.7800577635566
"64","371830501001006",-78.6388289714498,35.7855972003911,"110",Nash Square,-78.642675328997,35.7777350642707
"65","371830501001006",-78.6388289714498,35.7855972003911,"200",Exchange Plaza,-78.6387214126288,35.7775279153207
"66","371830501001006",-78.6388289714498,35.7855972003911,"201",Market Plaza,-78.6387365990624,35.777261555425
"67","371830501001006",-78.6388289714498,35.7855972003911,"138",Moore Square,-78.6357914989622,35.7775077730582
"68","371830501001006",-78.6388289714498,35.7855972003911,"164",City Plaza,-78.6394171776381,35.7743682431217
"69","371830501001006",-78.6388289714498,35.7855972003911,"108",City Cemetery,-78.6312874693512,35.7790634507114
"70","371830501001006",-78.6388289714498,35.7855972003911,"116",Vallie Henderson,-78.6290482219803,35.7845167000402
"71","371830501001006",-78.6388289714498,35.7855972003911,"183",John Winters,-78.6313212766575,35.7776123734814
"72","371830501001007",-78.6406927691892,35.7860724504025,"132",New Bern Place,-78.6354632662129,35.7800577635566
"73","371830501001007",-78.6406927691892,35.7860724504025,"110",Nash Square,-78.642675328997,35.7777350642707
"74","371830501001007",-78.6406927691892,35.7860724504025,"200",Exchange Plaza,-78.6387214126288,35.7775279153207
"75","371830501001007",-78.6406927691892,35.7860724504025,"201",Market Plaza,-78.6387365990624,35.777261555425
"76","371830501001007",-78.6406927691892,35.7860724504025,"138",Moore Square,-78.6357914989622,35.7775077730582
"77","371830501001007",-78.6406927691892,35.7860724504025,"164",City Plaza,-78.6394171776381,35.7743682431217
"78","371830501001007",-78.6406927691892,35.7860724504025,"108",City Cemetery,-78.6312874693512,35.7790634507114
"79","371830501001007",-78.6406927691892,35.7860724504025,"116",Vallie Henderson,-78.6290482219803,35.7845167000402
"80","371830501001016",-78.6370132974737,35.7853041108553,"116",Vallie Henderson,-78.6290482219803,35.7845167000402
"81","371830501001008",-78.6420706174702,35.7875497888157,"44",Halifax,-78.6388283924893,35.7935452317092
"82","371830501001008",-78.6420706174702,35.7875497888157,"85",Fred Fletcher,-78.6494000908273,35.7925485438552
"83","371830501001008",-78.6420706174702,35.7875497888157,"22",Oakwood Common,-78.63213881696,35.7878610525502
"84","371830501001008",-78.6420706174702,35.7875497888157,"110",Nash Square,-78.642675328997,35.7777350642707
"85","371830501001008",-78.6420706174702,35.7875497888157,"107",Edna Metz Wells,-78.6553565601995,35.7881516453065
"86","371830501001008",-78.6420706174702,35.7875497888157,"136",Mordecai Square,-78.6331193844119,35.7928402478639
"87","371830501001010",-78.6436560281452,35.7875265319099,"132",New Bern Place,-78.6354632662129,35.7800577635566
"88","371830501001008",-78.6420706174702,35.7875497888157,"10",Mordecai,-78.6351971826335,35.7958555703911
"89","371830501001009",-78.6429243960859,35.7878930088452,"44",Halifax,-78.6388283924893,35.7935452317092
"90","371830501001009",-78.6429243960859,35.7878930088452,"85",Fred Fletcher,-78.6494000908273,35.7925485438552
"91","371830501001009",-78.6429243960859,35.7878930088452,"22",Oakwood Common,-78.63213881696,35.7878610525502
"92","371830501001009",-78.6429243960859,35.7878930088452,"110",Nash Square,-78.642675328997,35.7777350642707
"93","371830501001009",-78.6429243960859,35.7878930088452,"107",Edna Metz Wells,-78.6553565601995,35.7881516453065
"94","371830501001009",-78.6429243960859,35.7878930088452,"136",Mordecai Square,-78.6331193844119,35.7928402478639
"95","371830501001009",-78.6429243960859,35.7878930088452,"10",Mordecai,-78.6351971826335,35.7958555703911
"96","371830501001009",-78.6429243960859,35.7878930088452,"132",New Bern Place,-78.6354632662129,35.7800577635566
"97","371830501001010",-78.6436560281452,35.7875265319099,"85",Fred Fletcher,-78.6494000908273,35.7925485438552
"98","371830501001010",-78.6436560281452,35.7875265319099,"110",Nash Square,-78.642675328997,35.7777350642707
"99","371830501001010",-78.6436560281452,35.7875265319099,"107",Edna Metz Wells,-78.6553565601995,35.7881516453065
"100","371830501001010",-78.6436560281452,35.7875265319099,"44",Halifax,-78.6388283924893,35.7935452317092
"101","371830501001015",-78.642347462892,35.7863979288809,"44",Halifax,-78.6388283924893,35.7935452317092
"102","371830501001010",-78.6436560281452,35.7875265319099,"200",Exchange Plaza,-78.6387214126288,35.7775279153207
"103","371830501001010",-78.6436560281452,35.7875265319099,"201",Market Plaza,-78.6387365990624,35.777261555425
"104","371830501001011",-78.6448037472502,35.7881712740061,"107",Edna Metz Wells,-78.6553565601995,35.7881516453065
"105","371830501001011",-78.6448037472502,35.7881712740061,"44",Halifax,-78.6388283924893,35.7935452317092
"106","371830501001011",-78.6448037472502,35.7881712740061,"22",Oakwood Common,-78.63213881696,35.7878610525502
"107","371830501001011",-78.6448037472502,35.7881712740061,"110",Nash Square,-78.642675328997,35.7777350642707
"108","371830501001013",-78.6423737426814,35.7844219321577,"22",Oakwood Common,-78.63213881696,35.7878610525502
"109","371830501001011",-78.6448037472502,35.7881712740061,"136",Mordecai Square,-78.6331193844119,35.7928402478639
"110","371830501001012",-78.6457032339148,35.7879768518533,"107",Edna Metz Wells,-78.6553565601995,35.7881516453065
"111","371830501001012",-78.6457032339148,35.7879768518533,"44",Halifax,-78.6388283924893,35.7935452317092
"112","371830501001012",-78.6457032339148,35.7879768518533,"110",Nash Square,-78.642675328997,35.7777350642707
"113","371830501001012",-78.6457032339148,35.7879768518533,"22",Oakwood Common,-78.63213881696,35.7878610525502
"114","371830501001013",-78.6423737426814,35.7844219321577,"44",Halifax,-78.6388283924893,35.7935452317092
"115","371830501001013",-78.6423737426814,35.7844219321577,"85",Fred Fletcher,-78.6494000908273,35.7925485438552
"116","371830501001013",-78.6423737426814,35.7844219321577,"110",Nash Square,-78.642675328997,35.7777350642707
"117","371830501001014",-78.6428286252193,35.7860422288201,"110",Nash Square,-78.642675328997,35.7777350642707
"118","371830501001014",-78.6428286252193,35.7860422288201,"132",New Bern Place,-78.6354632662129,35.7800577635566
"119","371830501001014",-78.6428286252193,35.7860422288201,"200",Exchange Plaza,-78.6387214126288,35.7775279153207
"120","371830501001014",-78.6428286252193,35.7860422288201,"201",Market Plaza,-78.6387365990624,35.777261555425
"121","371830501001014",-78.6428286252193,35.7860422288201,"138",Moore Square,-78.6357914989622,35.7775077730582
"122","371830501001014",-78.6428286252193,35.7860422288201,"85",Fred Fletcher,-78.6494000908273,35.7925485438552
"123","371830501001015",-78.642347462892,35.7863979288809,"85",Fred Fletcher,-78.6494000908273,35.7925485438552
"124","371830501001015",-78.642347462892,35.7863979288809,"22",Oakwood Common,-78.63213881696,35.7878610525502
"125","371830501001015",-78.642347462892,35.7863979288809,"110",Nash Square,-78.642675328997,35.7777350642707
"126","371830501001015",-78.642347462892,35.7863979288809,"107",Edna Metz Wells,-78.6553565601995,35.7881516453065
"127","371830501001015",-78.642347462892,35.7863979288809,"136",Mordecai Square,-78.6331193844119,35.7928402478639
"128","371830501001016",-78.6370132974737,35.7853041108553,"22",Oakwood Common,-78.63213881696,35.7878610525502
"129","371830501001016",-78.6370132974737,35.7853041108553,"132",New Bern Place,-78.6354632662129,35.7800577635566
"130","371830501001016",-78.6370132974737,35.7853041108553,"138",Moore Square,-78.6357914989622,35.7775077730582
"131","371830501001016",-78.6370132974737,35.7853041108553,"136",Mordecai Square,-78.6331193844119,35.7928402478639
"132","371830501001016",-78.6370132974737,35.7853041108553,"108",City Cemetery,-78.6312874693512,35.7790634507114
"133","371830501001016",-78.6370132974737,35.7853041108553,"10",Mordecai,-78.6351971826335,35.7958555703911
"134","371830501001016",-78.6370132974737,35.7853041108553,"28",Lane Street,-78.6261220920092,35.7831789971439
"135","371830501001016",-78.6370132974737,35.7853041108553,"200",Exchange Plaza,-78.6387214126288,35.7775279153207
"136","371830501001016",-78.6370132974737,35.7853041108553,"201",Market Plaza,-78.6387365990624,35.777261555425
"137","371830501001016",-78.6370132974737,35.7853041108553,"183",John Winters,-78.6313212766575,35.7776123734814
"138","371830501001016",-78.6370132974737,35.7853041108553,"85",Fred Fletcher,-78.6494000908273,35.7925485438552
"139","371830501001016",-78.6370132974737,35.7853041108553,"110",Nash Square,-78.642675328997,35.7777350642707
"140","371830501001017",-78.6353598196855,35.7852509467505,"136",Mordecai Square,-78.6331193844119,35.7928402478639
"141","371830501001017",-78.6353598196855,35.7852509467505,"132",New Bern Place,-78.6354632662129,35.7800577635566
"142","371830501001017",-78.6353598196855,35.7852509467505,"108",City Cemetery,-78.6312874693512,35.7790634507114
"143","371830501001017",-78.6353598196855,35.7852509467505,"44",Halifax,-78.6388283924893,35.7935452317092
"144","371830501001017",-78.6353598196855,35.7852509467505,"138",Moore Square,-78.6357914989622,35.7775077730582
"145","371830501001017",-78.6353598196855,35.7852509467505,"28",Lane Street,-78.6261220920092,35.7831789971439
"146","371830501001017",-78.6353598196855,35.7852509467505,"183",John Winters,-78.6313212766575,35.7776123734814
"147","371830501001017",-78.6353598196855,35.7852509467505,"10",Mordecai,-78.6351971826335,35.7958555703911
"148","371830501001017",-78.6353598196855,35.7852509467505,"42",Oakwood,-78.6241177660321,35.7909297007275
"149","371830501001017",-78.6353598196855,35.7852509467505,"200",Exchange Plaza,-78.6387214126288,35.7775279153207
"150","371830501001017",-78.6353598196855,35.7852509467505,"201",Market Plaza,-78.6387365990624,35.777261555425
"151","371830501001017",-78.6353598196855,35.7852509467505,"87",Tarboro Road,-78.6228569611736,35.7813128628773
"152","371830501001017",-78.6353598196855,35.7852509467505,"161",O'Rorke-Catholic Cemetery,-78.6216783622287,35.7829970496351
"153","371830501001018",-78.6337275331682,35.7853437102593,"136",Mordecai Square,-78.6331193844119,35.7928402478639
"154","371830501001018",-78.6337275331682,35.7853437102593,"108",City Cemetery,-78.6312874693512,35.7790634507114
"155","371830501001018",-78.6337275331682,35.7853437102593,"132",New Bern Place,-78.6354632662129,35.7800577635566
"156","371830501001018",-78.6337275331682,35.7853437102593,"28",Lane Street,-78.6261220920092,35.7831789971439
"157","371830501001022",-78.6354465122088,35.7841208464369,"116",Vallie Henderson,-78.6290482219803,35.7845167000402
"158","371830501001018",-78.6337275331682,35.7853437102593,"44",Halifax,-78.6388283924893,35.7935452317092
"159","371830501001018",-78.6337275331682,35.7853437102593,"138",Moore Square,-78.6357914989622,35.7775077730582
"160","371830501001018",-78.6337275331682,35.7853437102593,"183",John Winters,-78.6313212766575,35.7776123734814
"161","371830501001018",-78.6337275331682,35.7853437102593,"42",Oakwood,-78.6241177660321,35.7909297007275
"162","371830501001018",-78.6337275331682,35.7853437102593,"10",Mordecai,-78.6351971826335,35.7958555703911
"163","371830501001018",-78.6337275331682,35.7853437102593,"87",Tarboro Road,-78.6228569611736,35.7813128628773
"164","371830501001018",-78.6337275331682,35.7853437102593,"200",Exchange Plaza,-78.6387214126288,35.7775279153207
"165","371830501001018",-78.6337275331682,35.7853437102593,"201",Market Plaza,-78.6387365990624,35.777261555425
"166","371830501001018",-78.6337275331682,35.7853437102593,"161",O'Rorke-Catholic Cemetery,-78.6216783622287,35.7829970496351
"167","371830501001018",-78.6337275331682,35.7853437102593,"184",Patterson Green,-78.6313222107783,35.773350732262
"168","371830501001018",-78.6337275331682,35.7853437102593,"110",Nash Square,-78.642675328997,35.7777350642707
"169","371830501001019",-78.632446992139,35.7853343816076,"28",Lane Street,-78.6261220920092,35.7831789971439
"170","371830501001019",-78.632446992139,35.7853343816076,"136",Mordecai Square,-78.6331193844119,35.7928402478639
"171","371830501001019",-78.632446992139,35.7853343816076,"132",New Bern Place,-78.6354632662129,35.7800577635566
"172","371830501001019",-78.632446992139,35.7853343816076,"183",John Winters,-78.6313212766575,35.7776123734814
"173","371830501001019",-78.632446992139,35.7853343816076,"138",Moore Square,-78.6357914989622,35.7775077730582
"174","371830501001019",-78.632446992139,35.7853343816076,"42",Oakwood,-78.6241177660321,35.7909297007275
"175","371830501001019",-78.632446992139,35.7853343816076,"87",Tarboro Road,-78.6228569611736,35.7813128628773
"176","371830501001019",-78.632446992139,35.7853343816076,"44",Halifax,-78.6388283924893,35.7935452317092
"177","371830501001019",-78.632446992139,35.7853343816076,"161",O'Rorke-Catholic Cemetery,-78.6216783622287,35.7829970496351
"178","371830501001022",-78.6354465122088,35.7841208464369,"183",John Winters,-78.6313212766575,35.7776123734814
"179","371830501001019",-78.632446992139,35.7853343816076,"10",Mordecai,-78.6351971826335,35.7958555703911
"180","371830501001019",-78.632446992139,35.7853343816076,"200",Exchange Plaza,-78.6387214126288,35.7775279153207
"181","371830501001019",-78.632446992139,35.7853343816076,"184",Patterson Green,-78.6313222107783,35.773350732262
"182","371830501001019",-78.632446992139,35.7853343816076,"201",Market Plaza,-78.6387365990624,35.777261555425
"183","371830501001019",-78.632446992139,35.7853343816076,"16",Chavis,-78.6300507419281,35.7702856126247
"184","371830501001019",-78.632446992139,35.7853343816076,"110",Nash Square,-78.642675328997,35.7777350642707
"185","371830501001020",-78.6325213945008,35.784173603219,"132",New Bern Place,-78.6354632662129,35.7800577635566
"186","371830501001020",-78.6325213945008,35.784173603219,"183",John Winters,-78.6313212766575,35.7776123734814
"187","371830501001020",-78.6325213945008,35.784173603219,"138",Moore Square,-78.6357914989622,35.7775077730582
"188","371830501001020",-78.6325213945008,35.784173603219,"136",Mordecai Square,-78.6331193844119,35.7928402478639
"189","371830501001020",-78.6325213945008,35.784173603219,"87",Tarboro Road,-78.6228569611736,35.7813128628773
"190","371830501001038",-78.642456476758,35.7819952410703,"200",Exchange Plaza,-78.6387214126288,35.7775279153207
"191","371830501001020",-78.6325213945008,35.784173603219,"42",Oakwood,-78.6241177660321,35.7909297007275
"192","371830501001020",-78.6325213945008,35.784173603219,"161",O'Rorke-Catholic Cemetery,-78.6216783622287,35.7829970496351
"193","371830501001020",-78.6325213945008,35.784173603219,"200",Exchange Plaza,-78.6387214126288,35.7775279153207
"194","371830501001020",-78.6325213945008,35.784173603219,"184",Patterson Green,-78.6313222107783,35.773350732262
"195","371830501001020",-78.6325213945008,35.784173603219,"201",Market Plaza,-78.6387365990624,35.777261555425
"196","371830501001020",-78.6325213945008,35.784173603219,"44",Halifax,-78.6388283924893,35.7935452317092
"197","371830501001020",-78.6325213945008,35.784173603219,"16",Chavis,-78.6300507419281,35.7702856126247
"198","371830501001020",-78.6325213945008,35.784173603219,"110",Nash Square,-78.642675328997,35.7777350642707
"199","371830501001022",-78.6354465122088,35.7841208464369,"44",Halifax,-78.6388283924893,35.7935452317092
"200","371830501001020",-78.6325213945008,35.784173603219,"10",Mordecai,-78.6351971826335,35.7958555703911
"201","371830501001020",-78.6325213945008,35.784173603219,"46",John P Top Greene,-78.6332637635309,35.7694914769703
"202","371830501001021",-78.6337928142859,35.7841984005232,"28",Lane Street,-78.6261220920092,35.7831789971439
"203","371830501001021",-78.6337928142859,35.7841984005232,"132",New Bern Place,-78.6354632662129,35.7800577635566
"204","371830501001021",-78.6337928142859,35.7841984005232,"183",John Winters,-78.6313212766575,35.7776123734814
"205","371830501001021",-78.6337928142859,35.7841984005232,"138",Moore Square,-78.6357914989622,35.7775077730582
"206","371830501001021",-78.6337928142859,35.7841984005232,"136",Mordecai Square,-78.6331193844119,35.7928402478639
"207","371830501001021",-78.6337928142859,35.7841984005232,"87",Tarboro Road,-78.6228569611736,35.7813128628773
"208","371830501001021",-78.6337928142859,35.7841984005232,"44",Halifax,-78.6388283924893,35.7935452317092
"209","371830501001022",-78.6354465122088,35.7841208464369,"22",Oakwood Common,-78.63213881696,35.7878610525502
"210","371830501001021",-78.6337928142859,35.7841984005232,"42",Oakwood,-78.6241177660321,35.7909297007275
"211","371830501001021",-78.6337928142859,35.7841984005232,"161",O'Rorke-Catholic Cemetery,-78.6216783622287,35.7829970496351
"212","371830501001021",-78.6337928142859,35.7841984005232,"10",Mordecai,-78.6351971826335,35.7958555703911
"213","371830501001021",-78.6337928142859,35.7841984005232,"200",Exchange Plaza,-78.6387214126288,35.7775279153207
"214","371830501001021",-78.6337928142859,35.7841984005232,"184",Patterson Green,-78.6313222107783,35.773350732262
"215","371830501001021",-78.6337928142859,35.7841984005232,"201",Market Plaza,-78.6387365990624,35.777261555425
"216","371830501001021",-78.6337928142859,35.7841984005232,"16",Chavis,-78.6300507419281,35.7702856126247
"217","371830501001022",-78.6354465122088,35.7841208464369,"108",City Cemetery,-78.6312874693512,35.7790634507114
"218","371830501001022",-78.6354465122088,35.7841208464369,"200",Exchange Plaza,-78.6387214126288,35.7775279153207
"219","371830501001022",-78.6354465122088,35.7841208464369,"201",Market Plaza,-78.6387365990624,35.777261555425
"220","371830501001022",-78.6354465122088,35.7841208464369,"110",Nash Square,-78.642675328997,35.7777350642707
"221","371830501001022",-78.6354465122088,35.7841208464369,"28",Lane Street,-78.6261220920092,35.7831789971439
"222","371830501001022",-78.6354465122088,35.7841208464369,"164",City Plaza,-78.6394171776381,35.7743682431217
"223","371830501001022",-78.6354465122088,35.7841208464369,"87",Tarboro Road,-78.6228569611736,35.7813128628773
"224","371830501001022",-78.6354465122088,35.7841208464369,"136",Mordecai Square,-78.6331193844119,35.7928402478639
"225","371830501001023",-78.637080033105,35.7841824491873,"132",New Bern Place,-78.6354632662129,35.7800577635566
"226","371830501001023",-78.637080033105,35.7841824491873,"116",Vallie Henderson,-78.6290482219803,35.7845167000402
"227","371830501001023",-78.637080033105,35.7841824491873,"138",Moore Square,-78.6357914989622,35.7775077730582
"228","371830501001023",-78.637080033105,35.7841824491873,"44",Halifax,-78.6388283924893,35.7935452317092
"229","371830501001023",-78.637080033105,35.7841824491873,"22",Oakwood Common,-78.63213881696,35.7878610525502
"230","371830501001023",-78.637080033105,35.7841824491873,"110",Nash Square,-78.642675328997,35.7777350642707
"231","371830501001023",-78.637080033105,35.7841824491873,"200",Exchange Plaza,-78.6387214126288,35.7775279153207
"232","371830501001023",-78.637080033105,35.7841824491873,"201",Market Plaza,-78.6387365990624,35.777261555425
"233","371830501001023",-78.637080033105,35.7841824491873,"108",City Cemetery,-78.6312874693512,35.7790634507114
"234","371830501001023",-78.637080033105,35.7841824491873,"164",City Plaza,-78.6394171776381,35.7743682431217
"235","371830501001023",-78.637080033105,35.7841824491873,"28",Lane Street,-78.6261220920092,35.7831789971439
"236","371830501001023",-78.637080033105,35.7841824491873,"136",Mordecai Square,-78.6331193844119,35.7928402478639
"237","371830501001023",-78.637080033105,35.7841824491873,"183",John Winters,-78.6313212766575,35.7776123734814
"238","371830501001024",-78.6371342391446,35.7831473163206,"200",Exchange Plaza,-78.6387214126288,35.7775279153207
"239","371830501001024",-78.6371342391446,35.7831473163206,"201",Market Plaza,-78.6387365990624,35.777261555425
"240","371830501001024",-78.6371342391446,35.7831473163206,"116",Vallie Henderson,-78.6290482219803,35.7845167000402
"241","371830501001024",-78.6371342391446,35.7831473163206,"183",John Winters,-78.6313212766575,35.7776123734814
"242","371830501001024",-78.6371342391446,35.7831473163206,"22",Oakwood Common,-78.63213881696,35.7878610525502
"243","371830501001024",-78.6371342391446,35.7831473163206,"110",Nash Square,-78.642675328997,35.7777350642707
"244","371830501001024",-78.6371342391446,35.7831473163206,"28",Lane Street,-78.6261220920092,35.7831789971439
"245","371830501001024",-78.6371342391446,35.7831473163206,"164",City Plaza,-78.6394171776381,35.7743682431217
"246","371830501001024",-78.6371342391446,35.7831473163206,"87",Tarboro Road,-78.6228569611736,35.7813128628773
"247","371830501001024",-78.6371342391446,35.7831473163206,"136",Mordecai Square,-78.6331193844119,35.7928402478639
"248","371830501001024",-78.6371342391446,35.7831473163206,"161",O'Rorke-Catholic Cemetery,-78.6216783622287,35.7829970496351
"249","371830501001024",-78.6371342391446,35.7831473163206,"184",Patterson Green,-78.6313222107783,35.773350732262
"250","371830501001024",-78.6371342391446,35.7831473163206,"16",Chavis,-78.6300507419281,35.7702856126247
"251","371830501001025",-78.6389463863262,35.7832058296386,"108",City Cemetery,-78.6312874693512,35.7790634507114
"252","371830501001025",-78.6389463863262,35.7832058296386,"200",Exchange Plaza,-78.6387214126288,35.7775279153207
"253","371830501001025",-78.6389463863262,35.7832058296386,"201",Market Plaza,-78.6387365990624,35.777261555425
"254","371830501001025",-78.6389463863262,35.7832058296386,"116",Vallie Henderson,-78.6290482219803,35.7845167000402
"255","371830501001025",-78.6389463863262,35.7832058296386,"183",John Winters,-78.6313212766575,35.7776123734814
"256","371830501001025",-78.6389463863262,35.7832058296386,"44",Halifax,-78.6388283924893,35.7935452317092
"257","371830501001025",-78.6389463863262,35.7832058296386,"22",Oakwood Common,-78.63213881696,35.7878610525502
"258","371830501001025",-78.6389463863262,35.7832058296386,"110",Nash Square,-78.642675328997,35.7777350642707
"259","371830501001025",-78.6389463863262,35.7832058296386,"28",Lane Street,-78.6261220920092,35.7831789971439
"260","371830501001025",-78.6389463863262,35.7832058296386,"164",City Plaza,-78.6394171776381,35.7743682431217
"261","371830501001025",-78.6389463863262,35.7832058296386,"87",Tarboro Road,-78.6228569611736,35.7813128628773
"262","371830501001025",-78.6389463863262,35.7832058296386,"136",Mordecai Square,-78.6331193844119,35.7928402478639
"263","371830501001026",-78.6407566342294,35.7832668370434,"138",Moore Square,-78.6357914989622,35.7775077730582
"264","371830501001026",-78.6407566342294,35.7832668370434,"164",City Plaza,-78.6394171776381,35.7743682431217
"265","371830501001026",-78.6407566342294,35.7832668370434,"108",City Cemetery,-78.6312874693512,35.7790634507114
"266","371830501001026",-78.6407566342294,35.7832668370434,"116",Vallie Henderson,-78.6290482219803,35.7845167000402
"267","371830501001026",-78.6407566342294,35.7832668370434,"183",John Winters,-78.6313212766575,35.7776123734814
"268","371830501001031",-78.6451004721277,35.7862568671565,"200",Exchange Plaza,-78.6387214126288,35.7775279153207
"269","371830501001026",-78.6407566342294,35.7832668370434,"44",Halifax,-78.6388283924893,35.7935452317092
"270","371830501001026",-78.6407566342294,35.7832668370434,"22",Oakwood Common,-78.63213881696,35.7878610525502
"271","371830501001026",-78.6407566342294,35.7832668370434,"28",Lane Street,-78.6261220920092,35.7831789971439
"272","371830501001026",-78.6407566342294,35.7832668370434,"87",Tarboro Road,-78.6228569611736,35.7813128628773
"273","371830501001027",-78.6423966186014,35.7833231669329,"132",New Bern Place,-78.6354632662129,35.7800577635566
"274","371830501001027",-78.6423966186014,35.7833231669329,"110",Nash Square,-78.642675328997,35.7777350642707
"275","371830501001027",-78.6423966186014,35.7833231669329,"200",Exchange Plaza,-78.6387214126288,35.7775279153207
"276","371830501001027",-78.6423966186014,35.7833231669329,"201",Market Plaza,-78.6387365990624,35.777261555425
"277","371830501001027",-78.6423966186014,35.7833231669329,"138",Moore Square,-78.6357914989622,35.7775077730582
"278","371830501001027",-78.6423966186014,35.7833231669329,"164",City Plaza,-78.6394171776381,35.7743682431217
"279","371830501001027",-78.6423966186014,35.7833231669329,"108",City Cemetery,-78.6312874693512,35.7790634507114
"280","371830501001027",-78.6423966186014,35.7833231669329,"116",Vallie Henderson,-78.6290482219803,35.7845167000402
"281","371830501001027",-78.6423966186014,35.7833231669329,"183",John Winters,-78.6313212766575,35.7776123734814
"282","371830501001027",-78.6423966186014,35.7833231669329,"44",Halifax,-78.6388283924893,35.7935452317092
"283","371830501001027",-78.6423966186014,35.7833231669329,"22",Oakwood Common,-78.63213881696,35.7878610525502
"284","371830501001027",-78.6423966186014,35.7833231669329,"28",Lane Street,-78.6261220920092,35.7831789971439
"285","371830501001028",-78.644034293019,35.7833776843881,"132",New Bern Place,-78.6354632662129,35.7800577635566
"286","371830501001028",-78.644034293019,35.7833776843881,"200",Exchange Plaza,-78.6387214126288,35.7775279153207
"287","371830501001028",-78.644034293019,35.7833776843881,"201",Market Plaza,-78.6387365990624,35.777261555425
"288","371830501001028",-78.644034293019,35.7833776843881,"138",Moore Square,-78.6357914989622,35.7775077730582
"289","371830501001028",-78.644034293019,35.7833776843881,"164",City Plaza,-78.6394171776381,35.7743682431217
"290","371830501001028",-78.644034293019,35.7833776843881,"108",City Cemetery,-78.6312874693512,35.7790634507114
"291","371830501001028",-78.644034293019,35.7833776843881,"8",Lenoir Street,-78.6487520483036,35.7735459886
"292","371830501001028",-78.644034293019,35.7833776843881,"116",Vallie Henderson,-78.6290482219803,35.7845167000402
"293","371830501001029",-78.6436869780627,35.7845132833335,"110",Nash Square,-78.642675328997,35.7777350642707
"294","371830501001029",-78.6436869780627,35.7845132833335,"85",Fred Fletcher,-78.6494000908273,35.7925485438552
"295","371830501001033",-78.645918722258,35.7855311378649,"200",Exchange Plaza,-78.6387214126288,35.7775279153207
"296","371830501001029",-78.6436869780627,35.7845132833335,"107",Edna Metz Wells,-78.6553565601995,35.7881516453065
"297","371830501001029",-78.6436869780627,35.7845132833335,"132",New Bern Place,-78.6354632662129,35.7800577635566
"298","371830501001029",-78.6436869780627,35.7845132833335,"200",Exchange Plaza,-78.6387214126288,35.7775279153207
"299","371830501001029",-78.6436869780627,35.7845132833335,"201",Market Plaza,-78.6387365990624,35.777261555425
"300","371830501001029",-78.6436869780627,35.7845132833335,"138",Moore Square,-78.6357914989622,35.7775077730582
"301","371830501001030",-78.6438516969985,35.7857579176696,"110",Nash Square,-78.642675328997,35.7777350642707
"302","371830501001030",-78.6438516969985,35.7857579176696,"85",Fred Fletcher,-78.6494000908273,35.7925485438552
"303","371830501001030",-78.6438516969985,35.7857579176696,"107",Edna Metz Wells,-78.6553565601995,35.7881516453065
"304","371830501001030",-78.6438516969985,35.7857579176696,"132",New Bern Place,-78.6354632662129,35.7800577635566
"305","371830501001030",-78.6438516969985,35.7857579176696,"200",Exchange Plaza,-78.6387214126288,35.7775279153207
"306","371830501001031",-78.6451004721277,35.7862568671565,"201",Market Plaza,-78.6387365990624,35.777261555425
"307","371830501001030",-78.6438516969985,35.7857579176696,"44",Halifax,-78.6388283924893,35.7935452317092
"308","371830501001030",-78.6438516969985,35.7857579176696,"201",Market Plaza,-78.6387365990624,35.777261555425
"309","371830501001030",-78.6438516969985,35.7857579176696,"138",Moore Square,-78.6357914989622,35.7775077730582
"310","371830501001031",-78.6451004721277,35.7862568671565,"85",Fred Fletcher,-78.6494000908273,35.7925485438552
"311","371830501001031",-78.6451004721277,35.7862568671565,"107",Edna Metz Wells,-78.6553565601995,35.7881516453065
"312","371830501001031",-78.6451004721277,35.7862568671565,"110",Nash Square,-78.642675328997,35.7777350642707
"313","371830501001031",-78.6451004721277,35.7862568671565,"44",Halifax,-78.6388283924893,35.7935452317092
"314","371830501001031",-78.6451004721277,35.7862568671565,"22",Oakwood Common,-78.63213881696,35.7878610525502
"315","371830501001031",-78.6451004721277,35.7862568671565,"132",New Bern Place,-78.6354632662129,35.7800577635566
"316","371830501001032",-78.6458420199743,35.7867142573661,"85",Fred Fletcher,-78.6494000908273,35.7925485438552
"317","371830501001032",-78.6458420199743,35.7867142573661,"107",Edna Metz Wells,-78.6553565601995,35.7881516453065
"318","371830501001032",-78.6458420199743,35.7867142573661,"110",Nash Square,-78.642675328997,35.7777350642707
"319","371830501001032",-78.6458420199743,35.7867142573661,"44",Halifax,-78.6388283924893,35.7935452317092
"320","371830501001032",-78.6458420199743,35.7867142573661,"22",Oakwood Common,-78.63213881696,35.7878610525502
"321","371830501001033",-78.645918722258,35.7855311378649,"85",Fred Fletcher,-78.6494000908273,35.7925485438552
"322","371830501001033",-78.645918722258,35.7855311378649,"107",Edna Metz Wells,-78.6553565601995,35.7881516453065
"323","371830501001033",-78.645918722258,35.7855311378649,"110",Nash Square,-78.642675328997,35.7777350642707
"324","371830501001033",-78.645918722258,35.7855311378649,"44",Halifax,-78.6388283924893,35.7935452317092
"325","371830501001033",-78.645918722258,35.7855311378649,"132",New Bern Place,-78.6354632662129,35.7800577635566
"326","371830501001033",-78.645918722258,35.7855311378649,"201",Market Plaza,-78.6387365990624,35.777261555425
"327","371830501001033",-78.645918722258,35.7855311378649,"22",Oakwood Common,-78.63213881696,35.7878610525502
"328","371830501001034",-78.6460635898495,35.7842526596704,"110",Nash Square,-78.642675328997,35.7777350642707
"329","371830501001034",-78.6460635898495,35.7842526596704,"85",Fred Fletcher,-78.6494000908273,35.7925485438552
"330","371830501001034",-78.6460635898495,35.7842526596704,"107",Edna Metz Wells,-78.6553565601995,35.7881516453065
"331","371830501001034",-78.6460635898495,35.7842526596704,"132",New Bern Place,-78.6354632662129,35.7800577635566
"332","371830501001034",-78.6460635898495,35.7842526596704,"200",Exchange Plaza,-78.6387214126288,35.7775279153207
"333","371830501001034",-78.6460635898495,35.7842526596704,"201",Market Plaza,-78.6387365990624,35.777261555425
"334","371830501001034",-78.6460635898495,35.7842526596704,"138",Moore Square,-78.6357914989622,35.7775077730582
"335","371830501001034",-78.6460635898495,35.7842526596704,"44",Halifax,-78.6388283924893,35.7935452317092
"336","371830501001035",-78.6453035370697,35.7837985579406,"110",Nash Square,-78.642675328997,35.7777350642707
"337","371830501001035",-78.6453035370697,35.7837985579406,"85",Fred Fletcher,-78.6494000908273,35.7925485438552
"338","371830501001035",-78.6453035370697,35.7837985579406,"107",Edna Metz Wells,-78.6553565601995,35.7881516453065
"339","371830501001035",-78.6453035370697,35.7837985579406,"132",New Bern Place,-78.6354632662129,35.7800577635566
"340","371830501001035",-78.6453035370697,35.7837985579406,"200",Exchange Plaza,-78.6387214126288,35.7775279153207
"341","371830501001035",-78.6453035370697,35.7837985579406,"201",Market Plaza,-78.6387365990624,35.777261555425
"342","371830501001035",-78.6453035370697,35.7837985579406,"138",Moore Square,-78.6357914989622,35.7775077730582
"343","371830501001035",-78.6453035370697,35.7837985579406,"164",City Plaza,-78.6394171776381,35.7743682431217
"344","371830501001036",-78.6453846758913,35.7820912109839,"200",Exchange Plaza,-78.6387214126288,35.7775279153207
"345","371830501001036",-78.6453846758913,35.7820912109839,"201",Market Plaza,-78.6387365990624,35.777261555425
"346","371830501001036",-78.6453846758913,35.7820912109839,"132",New Bern Place,-78.6354632662129,35.7800577635566
"347","371830501001036",-78.6453846758913,35.7820912109839,"138",Moore Square,-78.6357914989622,35.7775077730582
"348","371830501001036",-78.6453846758913,35.7820912109839,"164",City Plaza,-78.6394171776381,35.7743682431217
"349","371830501001036",-78.6453846758913,35.7820912109839,"85",Fred Fletcher,-78.6494000908273,35.7925485438552
"350","371830501001036",-78.6453846758913,35.7820912109839,"107",Edna Metz Wells,-78.6553565601995,35.7881516453065
"351","371830501001036",-78.6453846758913,35.7820912109839,"8",Lenoir Street,-78.6487520483036,35.7735459886
"352","371830501001036",-78.6453846758913,35.7820912109839,"108",City Cemetery,-78.6312874693512,35.7790634507114
"353","371830501001037",-78.6440962456919,35.7820526475253,"132",New Bern Place,-78.6354632662129,35.7800577635566
"354","371830501001037",-78.6440962456919,35.7820526475253,"200",Exchange Plaza,-78.6387214126288,35.7775279153207
"355","371830501001037",-78.6440962456919,35.7820526475253,"201",Market Plaza,-78.6387365990624,35.777261555425
"356","371830501001037",-78.6440962456919,35.7820526475253,"138",Moore Square,-78.6357914989622,35.7775077730582
"357","371830501001037",-78.6440962456919,35.7820526475253,"164",City Plaza,-78.6394171776381,35.7743682431217
"358","371830501001037",-78.6440962456919,35.7820526475253,"108",City Cemetery,-78.6312874693512,35.7790634507114
"359","371830501001037",-78.6440962456919,35.7820526475253,"8",Lenoir Street,-78.6487520483036,35.7735459886
"360","371830501001037",-78.6440962456919,35.7820526475253,"116",Vallie Henderson,-78.6290482219803,35.7845167000402
"361","371830501001038",-78.642456476758,35.7819952410703,"132",New Bern Place,-78.6354632662129,35.7800577635566
"362","371830501001038",-78.642456476758,35.7819952410703,"110",Nash Square,-78.642675328997,35.7777350642707
"363","371830501001038",-78.642456476758,35.7819952410703,"201",Market Plaza,-78.6387365990624,35.777261555425
"364","371830501001038",-78.642456476758,35.7819952410703,"138",Moore Square,-78.6357914989622,35.7775077730582
"365","371830501001038",-78.642456476758,35.7819952410703,"164",City Plaza,-78.6394171776381,35.7743682431217
"366","371830501001038",-78.642456476758,35.7819952410703,"108",City Cemetery,-78.6312874693512,35.7790634507114
"367","371830501001038",-78.642456476758,35.7819952410703,"116",Vallie Henderson,-78.6290482219803,35.7845167000402
"368","371830501001038",-78.642456476758,35.7819952410703,"183",John Winters,-78.6313212766575,35.7776123734814
"369","371830501001038",-78.642456476758,35.7819952410703,"44",Halifax,-78.6388283924893,35.7935452317092
"370","371830501001038",-78.642456476758,35.7819952410703,"22",Oakwood Common,-78.63213881696,35.7878610525502
"371","371830501001038",-78.642456476758,35.7819952410703,"28",Lane Street,-78.6261220920092,35.7831789971439
"372","371830501001039",-78.6408147738476,35.7819404112028,"132",New Bern Place,-78.6354632662129,35.7800577635566
"373","371830501001039",-78.6408147738476,35.7819404112028,"200",Exchange Plaza,-78.6387214126288,35.7775279153207
"374","371830501001039",-78.6408147738476,35.7819404112028,"201",Market Plaza,-78.6387365990624,35.777261555425
"375","371830501001039",-78.6408147738476,35.7819404112028,"138",Moore Square,-78.6357914989622,35.7775077730582
"376","371830501001039",-78.6408147738476,35.7819404112028,"164",City Plaza,-78.6394171776381,35.7743682431217
"377","371830501001039",-78.6408147738476,35.7819404112028,"108",City Cemetery,-78.6312874693512,35.7790634507114
"378","371830501001039",-78.6408147738476,35.7819404112028,"8",Lenoir Street,-78.6487520483036,35.7735459886
"379","371830501001039",-78.6408147738476,35.7819404112028,"116",Vallie Henderson,-78.6290482219803,35.7845167000402
"380","371830501001040",-78.6390021854089,35.7818768027384,"164",City Plaza,-78.6394171776381,35.7743682431217
"381","371830501001040",-78.6390021854089,35.7818768027384,"108",City Cemetery,-78.6312874693512,35.7790634507114
"382","371830501001040",-78.6390021854089,35.7818768027384,"183",John Winters,-78.6313212766575,35.7776123734814
"383","371830501001041",-78.6371913043054,35.7818212903729,"183",John Winters,-78.6313212766575,35.7776123734814
"384","371830501001041",-78.6371913043054,35.7818212903729,"110",Nash Square,-78.642675328997,35.7777350642707
"385","371830501001041",-78.6371913043054,35.7818212903729,"164",City Plaza,-78.6394171776381,35.7743682431217
"386","371830501001041",-78.6371913043054,35.7818212903729,"184",Patterson Green,-78.6313222107783,35.773350732262
"387","371830501001041",-78.6371913043054,35.7818212903729,"116",Vallie Henderson,-78.6290482219803,35.7845167000402
"388","371830501001043",-78.6354890889451,35.7831026630203,"116",Vallie Henderson,-78.6290482219803,35.7845167000402
"389","371830501001041",-78.6371913043054,35.7818212903729,"16",Chavis,-78.6300507419281,35.7702856126247
"390","371830501001041",-78.6371913043054,35.7818212903729,"44",Halifax,-78.6388283924893,35.7935452317092
"391","371830501001041",-78.6371913043054,35.7818212903729,"22",Oakwood Common,-78.63213881696,35.7878610525502
"392","371830501001041",-78.6371913043054,35.7818212903729,"28",Lane Street,-78.6261220920092,35.7831789971439
"393","371830501001042",-78.6355574404786,35.7817642791277,"116",Vallie Henderson,-78.6290482219803,35.7845167000402
"394","371830501001042",-78.6355574404786,35.7817642791277,"132",New Bern Place,-78.6354632662129,35.7800577635566
"395","371830501001042",-78.6355574404786,35.7817642791277,"183",John Winters,-78.6313212766575,35.7776123734814
"396","371830501001042",-78.6355574404786,35.7817642791277,"138",Moore Square,-78.6357914989622,35.7775077730582
"397","371830501001042",-78.6355574404786,35.7817642791277,"22",Oakwood Common,-78.63213881696,35.7878610525502
"398","371830501001042",-78.6355574404786,35.7817642791277,"28",Lane Street,-78.6261220920092,35.7831789971439
"399","371830501001042",-78.6355574404786,35.7817642791277,"87",Tarboro Road,-78.6228569611736,35.7813128628773
"400","371830501001043",-78.6354890889451,35.7831026630203,"183",John Winters,-78.6313212766575,35.7776123734814
"401","371830501001048",-78.633973447013,35.7806136245667,"22",Oakwood Common,-78.63213881696,35.7878610525502
"402","371830501001042",-78.6355574404786,35.7817642791277,"136",Mordecai Square,-78.6331193844119,35.7928402478639
"403","371830501001042",-78.6355574404786,35.7817642791277,"161",O'Rorke-Catholic Cemetery,-78.6216783622287,35.7829970496351
"404","371830501001042",-78.6355574404786,35.7817642791277,"200",Exchange Plaza,-78.6387214126288,35.7775279153207
"405","371830501001042",-78.6355574404786,35.7817642791277,"184",Patterson Green,-78.6313222107783,35.773350732262
"406","371830501001042",-78.6355574404786,35.7817642791277,"201",Market Plaza,-78.6387365990624,35.777261555425
"407","371830501001042",-78.6355574404786,35.7817642791277,"16",Chavis,-78.6300507419281,35.7702856126247
"408","371830501001042",-78.6355574404786,35.7817642791277,"44",Halifax,-78.6388283924893,35.7935452317092
"409","371830501001042",-78.6355574404786,35.7817642791277,"110",Nash Square,-78.642675328997,35.7777350642707
"410","371830501001043",-78.6354890889451,35.7831026630203,"108",City Cemetery,-78.6312874693512,35.7790634507114
"411","371830501001043",-78.6354890889451,35.7831026630203,"200",Exchange Plaza,-78.6387214126288,35.7775279153207
"412","371830501001043",-78.6354890889451,35.7831026630203,"201",Market Plaza,-78.6387365990624,35.777261555425
"413","371830501001043",-78.6354890889451,35.7831026630203,"44",Halifax,-78.6388283924893,35.7935452317092
"414","371830501001043",-78.6354890889451,35.7831026630203,"22",Oakwood Common,-78.63213881696,35.7878610525502
"415","371830501001043",-78.6354890889451,35.7831026630203,"110",Nash Square,-78.642675328997,35.7777350642707
"416","371830501001043",-78.6354890889451,35.7831026630203,"28",Lane Street,-78.6261220920092,35.7831789971439
"417","371830501001043",-78.6354890889451,35.7831026630203,"164",City Plaza,-78.6394171776381,35.7743682431217
"418","371830501001043",-78.6354890889451,35.7831026630203,"87",Tarboro Road,-78.6228569611736,35.7813128628773
"419","371830501001043",-78.6354890889451,35.7831026630203,"136",Mordecai Square,-78.6331193844119,35.7928402478639
"420","371830501001044",-78.633860679937,35.7830498494914,"138",Moore Square,-78.6357914989622,35.7775077730582
"421","371830501001044",-78.633860679937,35.7830498494914,"108",City Cemetery,-78.6312874693512,35.7790634507114
"422","371830501001044",-78.633860679937,35.7830498494914,"28",Lane Street,-78.6261220920092,35.7831789971439
"423","371830501001046",-78.6326427455655,35.781658653383,"110",Nash Square,-78.642675328997,35.7777350642707
"424","371830501001044",-78.633860679937,35.7830498494914,"136",Mordecai Square,-78.6331193844119,35.7928402478639
"425","371830501001044",-78.633860679937,35.7830498494914,"200",Exchange Plaza,-78.6387214126288,35.7775279153207
"426","371830501001044",-78.633860679937,35.7830498494914,"201",Market Plaza,-78.6387365990624,35.777261555425
"427","371830501001044",-78.633860679937,35.7830498494914,"183",John Winters,-78.6313212766575,35.7776123734814
"428","371830501001044",-78.633860679937,35.7830498494914,"44",Halifax,-78.6388283924893,35.7935452317092
"429","371830501001044",-78.633860679937,35.7830498494914,"110",Nash Square,-78.642675328997,35.7777350642707
"430","371830501001044",-78.633860679937,35.7830498494914,"87",Tarboro Road,-78.6228569611736,35.7813128628773
"431","371830501001044",-78.633860679937,35.7830498494914,"164",City Plaza,-78.6394171776381,35.7743682431217
"432","371830501001044",-78.633860679937,35.7830498494914,"42",Oakwood,-78.6241177660321,35.7909297007275
"433","371830501001044",-78.633860679937,35.7830498494914,"10",Mordecai,-78.6351971826335,35.7958555703911
"434","371830501001044",-78.633860679937,35.7830498494914,"161",O'Rorke-Catholic Cemetery,-78.6216783622287,35.7829970496351
"435","371830501001045",-78.6325869403712,35.7830005420579,"87",Tarboro Road,-78.6228569611736,35.7813128628773
"436","371830501001045",-78.6325869403712,35.7830005420579,"136",Mordecai Square,-78.6331193844119,35.7928402478639
"437","371830501001045",-78.6325869403712,35.7830005420579,"161",O'Rorke-Catholic Cemetery,-78.6216783622287,35.7829970496351
"438","371830501001045",-78.6325869403712,35.7830005420579,"200",Exchange Plaza,-78.6387214126288,35.7775279153207
"439","371830501001045",-78.6325869403712,35.7830005420579,"184",Patterson Green,-78.6313222107783,35.773350732262
"440","371830501001045",-78.6325869403712,35.7830005420579,"201",Market Plaza,-78.6387365990624,35.777261555425
"441","371830501001045",-78.6325869403712,35.7830005420579,"16",Chavis,-78.6300507419281,35.7702856126247
"442","371830501001045",-78.6325869403712,35.7830005420579,"110",Nash Square,-78.642675328997,35.7777350642707
"443","371830501001048",-78.633973447013,35.7806136245667,"201",Market Plaza,-78.6387365990624,35.777261555425
"444","371830501001045",-78.6325869403712,35.7830005420579,"42",Oakwood,-78.6241177660321,35.7909297007275
"445","371830501001045",-78.6325869403712,35.7830005420579,"46",John P Top Greene,-78.6332637635309,35.7694914769703
"446","371830501001045",-78.6325869403712,35.7830005420579,"44",Halifax,-78.6388283924893,35.7935452317092
"447","371830501001045",-78.6325869403712,35.7830005420579,"164",City Plaza,-78.6394171776381,35.7743682431217
"448","371830501001046",-78.6326427455655,35.781658653383,"87",Tarboro Road,-78.6228569611736,35.7813128628773
"449","371830501001046",-78.6326427455655,35.781658653383,"184",Patterson Green,-78.6313222107783,35.773350732262
"450","371830501001046",-78.6326427455655,35.781658653383,"16",Chavis,-78.6300507419281,35.7702856126247
"451","371830501001046",-78.6326427455655,35.781658653383,"161",O'Rorke-Catholic Cemetery,-78.6216783622287,35.7829970496351
"452","371830501001046",-78.6326427455655,35.781658653383,"200",Exchange Plaza,-78.6387214126288,35.7775279153207
"453","371830501001046",-78.6326427455655,35.781658653383,"201",Market Plaza,-78.6387365990624,35.777261555425
"454","371830501001046",-78.6326427455655,35.781658653383,"46",John P Top Greene,-78.6332637635309,35.7694914769703
"455","371830501001046",-78.6326427455655,35.781658653383,"136",Mordecai Square,-78.6331193844119,35.7928402478639
"456","371830501001046",-78.6326427455655,35.781658653383,"164",City Plaza,-78.6394171776381,35.7743682431217
"457","371830501001046",-78.6326427455655,35.781658653383,"26",Davie Street,-78.6243561746092,35.7750472457466
"458","371830501001046",-78.6326427455655,35.781658653383,"42",Oakwood,-78.6241177660321,35.7909297007275
"459","371830501001047",-78.6339258404044,35.7817073255574,"116",Vallie Henderson,-78.6290482219803,35.7845167000402
"460","371830501001047",-78.6339258404044,35.7817073255574,"132",New Bern Place,-78.6354632662129,35.7800577635566
"461","371830501001047",-78.6339258404044,35.7817073255574,"183",John Winters,-78.6313212766575,35.7776123734814
"462","371830501001047",-78.6339258404044,35.7817073255574,"138",Moore Square,-78.6357914989622,35.7775077730582
"463","371830501001047",-78.6339258404044,35.7817073255574,"22",Oakwood Common,-78.63213881696,35.7878610525502
"464","371830501001047",-78.6339258404044,35.7817073255574,"28",Lane Street,-78.6261220920092,35.7831789971439
"465","371830501001047",-78.6339258404044,35.7817073255574,"87",Tarboro Road,-78.6228569611736,35.7813128628773
"466","371830501001047",-78.6339258404044,35.7817073255574,"136",Mordecai Square,-78.6331193844119,35.7928402478639
"467","371830501001047",-78.6339258404044,35.7817073255574,"161",O'Rorke-Catholic Cemetery,-78.6216783622287,35.7829970496351
"468","371830501001047",-78.6339258404044,35.7817073255574,"200",Exchange Plaza,-78.6387214126288,35.7775279153207
"469","371830501001047",-78.6339258404044,35.7817073255574,"184",Patterson Green,-78.6313222107783,35.773350732262
"470","371830501001047",-78.6339258404044,35.7817073255574,"201",Market Plaza,-78.6387365990624,35.777261555425
"471","371830501001047",-78.6339258404044,35.7817073255574,"16",Chavis,-78.6300507419281,35.7702856126247
"472","371830501001047",-78.6339258404044,35.7817073255574,"44",Halifax,-78.6388283924893,35.7935452317092
"473","371830501001047",-78.6339258404044,35.7817073255574,"110",Nash Square,-78.642675328997,35.7777350642707
"474","371830501001048",-78.633973447013,35.7806136245667,"116",Vallie Henderson,-78.6290482219803,35.7845167000402
"475","371830501001048",-78.633973447013,35.7806136245667,"200",Exchange Plaza,-78.6387214126288,35.7775279153207
"476","371830501001048",-78.633973447013,35.7806136245667,"184",Patterson Green,-78.6313222107783,35.773350732262
"477","371830501001048",-78.633973447013,35.7806136245667,"28",Lane Street,-78.6261220920092,35.7831789971439
"478","371830501001048",-78.633973447013,35.7806136245667,"16",Chavis,-78.6300507419281,35.7702856126247
"479","371830501001048",-78.633973447013,35.7806136245667,"110",Nash Square,-78.642675328997,35.7777350642707
"480","371830501001048",-78.633973447013,35.7806136245667,"87",Tarboro Road,-78.6228569611736,35.7813128628773
"481","371830501001048",-78.633973447013,35.7806136245667,"46",John P Top Greene,-78.6332637635309,35.7694914769703
"482","371830501001048",-78.633973447013,35.7806136245667,"164",City Plaza,-78.6394171776381,35.7743682431217
"483","371830501001048",-78.633973447013,35.7806136245667,"161",O'Rorke-Catholic Cemetery,-78.6216783622287,35.7829970496351
"484","371830501001048",-78.633973447013,35.7806136245667,"26",Davie Street,-78.6243561746092,35.7750472457466
"485","371830501001048",-78.633973447013,35.7806136245667,"136",Mordecai Square,-78.6331193844119,35.7928402478639
"486","371830501001049",-78.632699588965,35.7805856341805,"26",Davie Street,-78.6243561746092,35.7750472457466
"487","371830501001048",-78.633973447013,35.7806136245667,"24",Junious N. Sorrell,-78.6331999868783,35.7667661058178
"488","371830501001049",-78.632699588965,35.7805856341805,"28",Lane Street,-78.6261220920092,35.7831789971439
"489","371830501001049",-78.632699588965,35.7805856341805,"184",Patterson Green,-78.6313222107783,35.773350732262
"490","371830501001049",-78.632699588965,35.7805856341805,"22",Oakwood Common,-78.63213881696,35.7878610525502
"491","371830501001049",-78.632699588965,35.7805856341805,"16",Chavis,-78.6300507419281,35.7702856126247
"492","371830501001049",-78.632699588965,35.7805856341805,"87",Tarboro Road,-78.6228569611736,35.7813128628773
"493","371830501001049",-78.632699588965,35.7805856341805,"200",Exchange Plaza,-78.6387214126288,35.7775279153207
"494","371830501001049",-78.632699588965,35.7805856341805,"201",Market Plaza,-78.6387365990624,35.777261555425
"495","371830501001049",-78.632699588965,35.7805856341805,"110",Nash Square,-78.642675328997,35.7777350642707
"496","371830501001049",-78.632699588965,35.7805856341805,"46",John P Top Greene,-78.6332637635309,35.7694914769703
"497","371830501001049",-78.632699588965,35.7805856341805,"161",O'Rorke-Catholic Cemetery,-78.6216783622287,35.7829970496351
"498","371830501001049",-78.632699588965,35.7805856341805,"164",City Plaza,-78.6394171776381,35.7743682431217
"499","371830501001050",-78.6327363430917,35.7797812350131,"164",City Plaza,-78.6394171776381,35.7743682431217
"500","371830501001049",-78.632699588965,35.7805856341805,"136",Mordecai Square,-78.6331193844119,35.7928402478639
